Age,Gender,Education Number,Workclass,Income
25,Male,7,Private,480332
38,Male,9,Private,198235
28,Male,12,Local-gov,82785
44,Male,10,Private,107589
18,Female,10,Unknown,189322
34,Male,6,Private,152883
29,Male,9,Unknown,198621
63,Male,15,Self-emp-not-inc,134961
24,Female,10,Private,171152
55,Male,4,Private,625753
65,Male,9,Private,147005
36,Male,13,Federal-gov,253130
26,Female,9,Private,101111
58,Male,9,Unknown,128214
48,Male,9,Private,91525
43,Male,14,Private,171742
20,Male,10,State-gov,95385
43,Female,9,Private,142843
37,Female,9,Private,88170
40,Male,16,Private,97018
34,Male,13,Private,123015
34,Female,10,Private,100900
72,Female,4,Unknown,153312
25,Male,13,Private,96814
25,Male,13,Private,91785
45,Male,9,Self-emp-not-inc,83600
22,Male,9,Private,84330
23,Male,9,Private,164830
54,Male,9,Private,87612
32,Male,10,Self-emp-not-inc,96862
46,Male,10,State-gov,65929
56,Female,7,Self-emp-not-inc,114998
24,Male,13,Self-emp-not-inc,217720
23,Male,10,Local-gov,98650
26,Female,9,Private,169755
65,Male,9,Unknown,143785
36,Male,13,Local-gov,105805
22,Male,3,Private,129066
17,Male,6,Private,154710
20,Male,9,Private,203675
65,Male,14,Private,186475
44,Male,11,Self-emp-inc,104457
36,Male,9,Private,119492
29,Male,7,Private,304598
20,Male,10,State-gov,824148
28,Female,11,Private,169790
39,Male,4,Private,132275
54,Male,10,Private,559202
52,Female,7,Private,111495
56,Female,9,Self-emp-inc,977025
18,Male,10,Private,272500
39,Male,9,Private,677321
21,Female,10,Private,205570
22,Male,9,Private,350740
38,Male,5,Private,206490
21,Female,10,Private,113020
63,Male,9,Private,740110
34,Male,13,Local-gov,281236
42,Male,9,Self-emp-inc,100806
33,Male,9,Private,410190
30,Female,13,Private,730210
39,Male,10,Private,113852
26,Female,14,Private,132645
33,Female,9,Private,301423
47,Female,9,Local-gov,143839
41,Female,13,Private,301240
41,Male,12,Self-emp-inc,117410
19,Male,10,Private,152913
46,Male,9,Private,86964
43,Male,9,Private,226761
55,Male,10,Private,153585
46,Male,11,Private,96855
30,Male,9,Private,264520
21,Female,10,Private,241065
46,Male,10,Private,121751
17,Male,6,Unknown,135071
41,Male,9,Private,239836
69,Male,9,Self-emp-inc,67755
50,Male,9,Private,148088
20,Female,10,Private,255226
45,Male,10,Self-emp-inc,175305
23,Male,13,Private,98132
24,Male,10,Private,144206
44,Male,9,Self-emp-inc,125505
31,Male,10,Self-emp-not-inc,67900
43,Female,9,Private,84369
20,Female,7,Federal-gov,121743
55,Male,9,Private,166080
24,Male,10,Federal-gov,372972
41,Female,14,Unknown,300324
59,Female,13,Private,168498
49,Male,4,Federal-gov,68425
33,Female,14,Private,151545
59,Male,13,Federal-gov,138688
34,Male,14,Private,96695
20,Male,9,Private,379622
25,Female,13,Private,147342
49,Male,6,Private,174440
59,Male,9,Private,223295
20,Female,9,Private,106805
51,Female,10,Unknown,101045
33,Female,10,Private,101814
22,Male,10,Private,109955
58,Female,5,Self-emp-not-inc,391100
52,Female,9,Local-gov,111495
36,Female,6,Private,160114
41,Male,9,Local-gov,145410
28,Male,9,Private,166080
19,Male,10,Private,149410
18,Female,9,Private,123308
18,Female,9,Private,280120
28,Male,10,Private,117005
29,Male,11,Private,114220
20,Female,9,Unknown,298126
40,Male,10,Private,485633
26,Male,9,Private,92782
46,Male,9,Private,136934
23,Female,7,Private,50561
44,Female,9,Private,109428
43,Female,13,Private,133765
31,Female,13,Local-gov,128110
18,Female,10,Private,111815
19,Male,10,Private,92715
41,Female,10,Private,146650
41,Female,9,Private,293200
69,Female,9,Private,179704
48,Female,16,Federal-gov,152620
28,Male,9,Private,72175
27,Male,9,Self-emp-not-inc,105440
41,Male,14,Private,130495
41,Male,10,Private,130825
24,Female,9,Private,77635
20,Female,9,Unknown,111570
42,Male,16,Self-emp-inc,121160
57,Male,9,Private,96125
30,Female,12,Private,379828
36,Male,9,Private,146920
49,Male,4,Private,214700
33,Female,9,Private,239598
23,Male,6,Private,69635
46,Male,14,Private,116360
18,Female,10,Private,181498
40,Male,9,Private,148690
43,Male,9,Self-emp-inc,129800
34,Female,14,Private,163400
47,Female,9,Self-emp-not-inc,72120
44,Female,11,Private,259780
33,Male,9,Private,104905
55,Male,13,Private,63825
19,Male,9,Private,120090
28,Male,10,Private,301873
27,Female,7,Private,116643
50,Male,4,Private,183630
22,Male,7,Private,115855
40,Male,13,State-gov,164342
25,Female,10,Private,155626
26,Male,9,Local-gov,65490
22,Male,13,Private,125396
42,Female,10,Private,145635
38,Male,13,Self-emp-inc,188475
55,Male,7,Private,107420
32,Male,9,Private,116400
22,Male,9,Private,164315
29,Male,13,Private,491010
46,Male,14,State-gov,113905
31,Male,10,Private,62255
58,Male,16,Self-emp-not-inc,98305
42,Male,9,Private,117793
18,Male,9,Private,329067
58,Male,9,Local-gov,148580
54,Male,9,Private,164046
34,Male,14,Private,312610
26,Female,13,Private,134410
61,Male,8,Private,541874
48,Female,14,Local-gov,125695
36,Male,10,Private,78480
24,Male,11,Private,163530
40,Male,10,Private,162480
33,Male,9,Self-emp-inc,151395
37,Male,10,Private,95975
34,Male,14,Private,77275
56,Male,10,Self-emp-inc,96370
28,Female,9,Unknown,1051758
37,Female,13,Private,143650
44,Female,9,Private,211703
64,Male,10,Unknown,101290
54,Male,9,Private,383617
23,Male,9,Private,119143
34,Male,13,State-gov,110848
22,Female,9,Private,131847
33,Male,13,Private,184738
39,Male,13,Private,115140
47,Female,10,Private,120690
79,Male,4,Unknown,79995
26,Female,9,Private,121986
31,Female,10,Private,134555
44,Male,10,Private,177364
42,Female,15,Self-emp-inc,41138
19,Female,9,Private,212782
27,Male,9,Private,242970
51,Male,10,Local-gov,81836
28,Male,13,Self-emp-inc,133045
57,Male,13,Private,92955
45,Female,13,Local-gov,248250
50,Male,11,Private,135597
34,Male,13,Self-emp-inc,141000
45,Male,4,Private,132053
73,Male,9,Local-gov,173621
34,Female,13,Private,74843
31,Male,10,Private,180521
19,Male,7,Private,148243
25,Female,10,Private,211154
38,Female,11,Federal-gov,269702
39,Male,13,Private,222351
23,Female,13,Private,135602
49,Male,9,Private,295225
33,Male,9,Federal-gov,419138
21,Male,3,Private,357946
31,Male,11,Private,533840
23,Female,13,Private,107867
34,Male,13,Private,104656
25,Female,9,Private,140329
39,Male,9,Private,92719
52,Male,9,Self-emp-inc,144398
63,Male,5,Local-gov,87069
41,Male,10,Private,129628
46,Male,13,Private,120140
53,Male,9,Local-gov,438261
25,Female,5,Unknown,383498
77,Male,10,Unknown,275729
18,Male,8,Private,117904
38,Male,15,Private,213286
55,Female,14,Private,108801
34,Male,9,Private,166275
80,Male,9,Self-emp-not-inc,72826
34,Female,11,Private,122335
52,Male,10,Private,156865
42,Female,9,Private,117841
26,Female,10,Private,103260
31,Male,9,Private,95622
25,Female,9,Local-gov,115450
55,Male,9,Self-emp-not-inc,121453
19,Female,10,Private,207425
62,Male,10,Self-emp-not-inc,162723
22,Female,10,Federal-gov,91835
39,Female,9,Unknown,65220
35,Male,9,Private,261545
28,Female,9,Private,101515
47,Male,9,Private,64113
44,Male,9,State-gov,120500
21,Male,10,Private,98429
35,Male,11,Private,47420
24,Male,13,Private,76455
42,Male,13,Federal-gov,66030
28,Male,13,Private,135875
21,Male,10,Private,72695
62,Male,10,Federal-gov,294886
39,Female,9,Private,42265
30,Male,9,State-gov,159545
72,Male,15,Self-emp-not-inc,110775
50,Female,10,Private,174155
28,Male,14,Local-gov,349579
29,Female,10,Private,104895
26,Female,13,Private,157759
27,Female,14,Private,103545
29,Male,10,Private,208074
61,Male,9,Unknown,164464
29,Male,6,Private,145666
21,Female,10,Unknown,158977
31,Female,7,Private,158061
25,Male,9,Private,167888
58,Male,6,Private,125284
64,Female,10,Private,183770
46,Male,14,State-gov,521338
53,Male,9,Unknown,157183
19,Female,9,Private,162125
42,Male,9,Private,94526
18,Male,7,Private,153195
58,Male,13,Self-emp-inc,193810
20,Male,10,Private,182344
35,Male,9,Federal-gov,336128
32,Male,9,Private,237680
23,Female,9,Private,82946
31,Female,10,Private,184632
33,Male,13,Private,115317
41,Female,10,Private,83838
22,Male,9,Private,206668
46,Male,10,Private,100004
61,Male,10,Federal-gov,88411
30,Male,9,Private,98304
42,Male,9,Private,136952
63,Male,6,Private,144470
26,Male,10,Private,79984
42,Female,6,Private,98648
23,Male,10,Private,71260
25,Male,9,Private,140033
30,Male,5,Private,821833
23,Male,9,Private,163014
34,Male,11,Self-emp-not-inc,81900
30,Male,9,Private,46160
39,Male,10,Private,90330
30,Male,7,Private,34935
38,Female,10,Local-gov,45482
26,Female,9,Private,80651
20,Male,10,Private,109764
37,Male,13,Local-gov,335426
33,Female,9,Private,384167
24,Male,13,Private,122035
42,Male,13,Self-emp-inc,135150
51,Male,9,Self-emp-not-inc,79815
56,Male,12,Local-gov,127335
22,Male,10,Private,59458
52,Male,10,Self-emp-not-inc,172268
44,Female,13,Private,89510
34,Female,9,Private,259070
51,Male,10,Private,56966
20,Male,10,Unknown,208273
19,Female,10,Private,40444
37,Male,13,Private,61523
68,Male,9,Private,133156
22,Male,10,Private,144686
56,Male,13,Self-emp-inc,303605
37,Male,9,Private,358410
52,Male,2,Private,71898
26,Male,9,Private,48170
33,Male,14,Private,68145
45,Female,14,Local-gov,54480
18,Male,7,Private,95228
43,Male,10,Self-emp-not-inc,76920
64,Male,16,Self-emp-not-inc,200648
18,Male,9,Private,127332
20,Male,10,Unknown,163508
57,Male,9,Private,133016
41,Female,9,Private,478701
34,Male,14,Private,131699
19,Female,9,Private,176618
44,Female,5,Private,173995
56,Female,6,Private,233100
36,Male,9,Self-emp-inc,297366
48,Female,13,Private,201271
29,Male,9,Private,879038
33,Male,13,Private,397440
31,Male,3,Private,342207
39,Male,14,Private,718238
66,Male,9,Private,124140
27,Female,13,Private,511900
39,Female,9,Private,275938
59,Male,4,Private,1107119
26,Female,9,Private,327272
31,Male,11,Private,242800
45,Female,9,Unknown,647108
23,Male,9,Private,352952
36,Female,9,Local-gov,212350
34,Female,10,Private,755000
32,Male,9,Private,297180
37,Male,13,Private,243548
33,Male,13,Private,375770
50,Male,15,Self-emp-not-inc,50722
32,Male,12,Federal-gov,30367
35,Female,13,Private,152834
37,Male,7,Private,92243
44,Male,10,Private,85409
57,Male,10,Private,67940
29,Female,10,Local-gov,108468
55,Male,9,Private,370960
43,Male,15,Self-emp-inc,90946
43,Male,10,Private,23253
45,Male,10,Self-emp-not-inc,172427
33,Female,14,Self-emp-not-inc,59415
26,Female,6,Private,106323
23,Male,10,Private,221671
41,Male,4,Private,95212
24,Male,9,Private,89356
47,Male,13,Self-emp-not-inc,1570874
34,Male,9,Self-emp-not-inc,963550
40,Male,9,Private,115208
28,Female,13,Private,714506
24,Female,9,Private,92319
73,Male,10,Unknown,681291
23,Male,9,Private,1044680
43,Male,9,Self-emp-not-inc,379500
26,Female,13,Private,342410
58,Female,16,Self-emp-not-inc,234774
52,Female,9,Private,310538
29,Male,7,Private,130820
47,Male,7,Private,323633
49,Female,9,Private,112260
40,Female,7,Private,380868
62,Female,9,Self-emp-not-inc,241920
49,Male,9,Private,108593
50,Female,13,Private,164268
31,Male,9,Private,230644
48,Female,14,Local-gov,287585
24,Female,9,Private,294500
41,Female,9,Unknown,141098
37,Male,9,Private,176280
45,Male,13,Private,67506
63,Male,9,Unknown,93432
36,Male,14,Private,71980
45,Male,13,Private,84920
41,Female,13,Private,159600
26,Female,12,Private,162948
17,Female,7,Private,168226
27,Male,9,Private,76769
43,Male,9,Private,139057
35,Male,9,Private,350128
38,Female,13,Private,277911
26,Male,9,Private,68429
28,Female,10,Private,419430
38,Female,13,Private,299196
36,Female,7,Private,88893
33,Female,9,Private,148472
19,Male,9,Private,136572
22,Male,12,Unknown,116682
42,Male,6,Federal-gov,109842
50,Male,6,Private,189194
30,Male,9,Private,193805
37,Male,10,State-gov,176698
54,Male,15,Self-emp-inc,371060
52,Male,13,Self-emp-inc,218540
65,Male,2,Private,206199
33,Female,9,Private,122713
25,Male,10,Private,161963
24,Male,13,Private,141306
26,Female,11,Private,59839
39,Male,9,Private,61415
59,Female,9,Private,29174
29,Female,10,Private,92399
47,Female,7,Private,104633
23,Female,10,Unknown,116683
64,Male,9,Self-emp-inc,100687
21,Male,9,Private,81452
32,Female,10,Private,89722
26,Female,9,Private,95224
19,Female,10,Unknown,78874
62,Male,14,Self-emp-not-inc,212760
32,Male,13,Private,314739
75,Female,6,Unknown,101717
45,Male,9,Self-emp-not-inc,181293
31,Male,13,Private,301538
32,Male,9,Private,74280
24,Male,13,Private,126500
25,Female,13,Private,217666
41,Male,9,Self-emp-not-inc,206211
18,Female,10,Private,169742
44,Male,16,Private,134277
40,Male,10,Private,129257
27,Male,13,Private,209483
23,Male,13,Private,112990
21,Male,10,Private,202140
37,Male,9,State-gov,29358
65,Male,9,Self-emp-not-inc,335167
43,Male,14,Federal-gov,134281
45,Male,9,Private,540882
24,Female,13,State-gov,224252
24,Male,10,Private,80340
19,Male,10,Local-gov,138830
37,Male,13,Private,225890
24,Female,9,Private,453130
34,Male,10,Private,150310
50,Female,9,State-gov,1538900
36,Male,9,Private,97615
39,Male,13,Private,111876
44,Male,4,Self-emp-not-inc,221760
45,Male,9,State-gov,173848
32,Male,7,State-gov,214630
47,Male,14,Federal-gov,146110
50,Male,9,Private,322000
32,Male,11,Private,146020
19,Male,9,Private,194644
19,Female,10,Unknown,462847
28,Male,14,State-gov,263158
28,Male,9,Private,190305
39,Male,14,Federal-gov,161541
21,Male,10,Private,123197
73,Female,10,Self-emp-not-inc,383454
39,Male,4,Private,59748
25,Male,10,Private,90022
31,Female,10,Private,673434
51,Female,10,Private,86970
39,Female,13,Private,116883
31,Male,13,Private,25584
21,Male,10,Private,151127
46,Male,13,Private,130339
73,Female,9,Private,70531
41,Male,9,Private,93747
20,Male,9,Private,341210
27,Male,12,Private,129644
24,Male,13,Private,159844
20,Male,10,Private,27413
39,Male,11,Private,306692
27,Male,13,Private,145708
33,Male,7,Private,637430
33,Male,9,Private,218563
36,Male,5,State-gov,276320
55,Male,10,Private,729200
19,Male,10,Private,339570
35,Male,9,Private,515601
34,Male,3,Private,305992
62,Female,15,State-gov,236605
33,Male,10,Self-emp-not-inc,312633
39,Male,5,Private,193909
36,Male,10,Local-gov,395092
41,Female,13,Private,39800
39,Male,9,Self-emp-not-inc,145800
38,Female,9,Unknown,612910
18,Female,9,Private,320180
61,Male,10,Private,271203
20,Female,11,Federal-gov,506780
35,Male,9,Self-emp-not-inc,228870
27,Male,9,Private,132070
66,Female,6,Private,398015
21,Male,9,Private,120090
20,Female,10,Private,399215
34,Male,10,Private,141277
63,Female,3,Private,116805
20,Male,9,Unknown,231880
31,Female,9,Private,94918
41,Male,16,Private,155025
64,Male,2,State-gov,660738
32,Female,13,Private,116055
30,Male,9,Local-gov,295156
36,Male,13,Self-emp-not-inc,427976
22,Male,10,Private,247002
53,Male,10,Local-gov,234661
50,Female,9,Private,79019
36,Male,13,Private,100658
41,Male,7,Self-emp-inc,134573
55,Female,13,Private,197672
38,Male,13,Private,344190
28,Male,13,Private,1606308
24,Female,13,Local-gov,273820
60,Female,10,Private,96300
54,Male,6,Private,144737
27,Male,9,Self-emp-inc,136122
30,Female,14,Private,646260
54,Male,9,Private,136069
44,Male,10,Private,56106
52,Male,9,Private,57875
18,Male,7,Private,130474
55,Male,4,Private,68657
35,Male,13,Private,335098
37,Female,13,Private,172405
22,Female,10,Private,72820
45,Male,13,Private,109883
38,Male,13,Private,51210
48,Male,13,Private,119960
35,Male,11,Private,149700
21,Male,11,Private,544170
37,Male,9,Self-emp-not-inc,281201
18,Male,7,Private,1796730
26,Male,6,Private,135124
48,Male,13,Self-emp-inc,205266
51,Male,10,Private,186550
52,Male,10,Private,92556
32,Male,13,State-gov,171251
39,Male,13,Self-emp-not-inc,57769
51,Male,13,Private,150384
54,Male,13,Private,848240
21,Female,10,Private,71852
43,Female,9,Private,568492
32,Female,10,Private,101922
31,Male,14,State-gov,97470
73,Male,9,Unknown,169410
26,Male,10,Private,346780
35,Male,9,Private,537600
73,Male,3,Private,96151
25,Female,13,Self-emp-not-inc,101700
58,Male,11,Self-emp-not-inc,378401
32,Female,9,Private,229075
28,Male,13,Private,102715
41,Female,14,Self-emp-not-inc,164841
53,Male,9,Self-emp-not-inc,85745
49,Female,9,Private,309092
55,Male,13,Private,176883
29,Female,10,Private,161185
28,Male,11,Self-emp-not-inc,40226
44,Male,9,Private,690190
41,Male,14,Private,90844
26,Male,11,Private,371698
23,Male,9,Private,119461
37,Female,13,Self-emp-not-inc,79040
23,Male,13,Private,207993
33,Female,10,Private,205627
44,Male,9,Private,133779
21,Male,10,Private,214563
36,Male,7,Private,89888
44,Male,13,Local-gov,84693
23,Female,9,Private,162774
26,Male,9,Private,167506
32,Male,3,Private,67502
31,Male,10,Private,118228
50,Female,9,Local-gov,85420
18,Female,10,Self-emp-inc,145195
49,Male,13,Private,583168
59,Female,9,Private,131810
38,Female,9,Private,390226
50,Male,10,Self-emp-inc,99078
51,Male,10,Self-emp-inc,131780
22,Male,10,Private,276776
54,Female,9,Private,175800
37,Male,9,Private,108313
31,Male,13,Private,195240
67,Male,13,State-gov,123955
43,Male,7,Unknown,118920
21,Female,10,Private,203275
30,Female,9,Private,177839
32,Male,10,Local-gov,52479
36,Male,11,Private,125948
33,Male,13,Local-gov,400862
37,Male,9,Private,113693
29,Male,15,Private,80541
18,Male,10,Unknown,78238
26,Male,10,Private,196975
51,Male,4,Private,176410
39,Male,9,Private,654500
18,Male,9,Private,445855
52,Male,8,Private,152360
31,Male,10,Private,567050
45,Male,13,Private,320311
38,Male,10,Private,598948
21,Female,12,Private,236626
33,Male,9,Private,129798
39,Male,10,Private,110290
31,Male,9,Private,155173
43,Male,13,Private,191806
64,Male,13,Unknown,106268
33,Male,13,Self-emp-inc,27795
49,Male,9,Self-emp-not-inc,177473
41,Male,9,Private,153353
55,Male,10,Self-emp-not-inc,107023
52,Female,10,Private,63064
42,Male,13,Private,54640
24,Female,10,Private,48905
42,Male,9,Private,113531
41,Male,13,State-gov,122720
35,Male,9,Private,50065
71,Male,3,Unknown,46709
54,Male,14,Federal-gov,14691
24,Male,3,Private,108395
59,Female,9,Unknown,111439
30,Female,7,Unknown,58798
57,Female,13,Federal-gov,83747
58,Male,14,State-gov,77740
32,Male,9,Private,54381
22,Female,9,Private,167412
20,Female,9,Private,68465
60,Male,13,Unknown,72861
51,Female,9,Private,52245
26,Female,9,Local-gov,23855
33,Male,7,Private,101256
19,Female,6,Private,30294
50,Female,9,Self-emp-not-inc,20688
32,Male,9,Private,37078
51,Male,13,Local-gov,204550
18,Female,10,Private,121627
35,Male,14,Federal-gov,96612
22,Male,10,Unknown,146828
46,Male,9,Private,85551
37,Male,9,Private,119894
45,Female,10,Private,407053
63,Male,5,Private,62435
53,Male,9,Private,185577
24,Female,9,Private,59604
65,Male,7,Unknown,120596
43,Female,12,Private,83193
47,Male,9,Private,77651
41,Female,9,Private,72210
27,Male,9,Private,66352
35,Male,9,Self-emp-inc,59672
19,Female,10,Private,68125
47,Female,10,Private,140611
25,Female,13,Federal-gov,98965
59,Male,15,Local-gov,73224
28,Female,6,Private,101802
17,Female,6,Private,57553
21,Male,10,Private,136527
31,Female,9,Private,199545
49,Female,9,Private,362818
48,Male,14,Local-gov,81712
60,Male,16,Self-emp-not-inc,124676
33,Male,8,Self-emp-not-inc,39732
40,Male,9,Private,71375
42,Male,10,Private,44202
34,Male,9,Private,82184
38,Male,11,Federal-gov,73674
58,Male,10,Self-emp-not-inc,140115
20,Female,10,Private,137855
52,Female,10,Private,139238
22,Male,10,Local-gov,128552
24,Male,13,Private,420920
39,Female,9,Private,150360
41,Male,14,Private,632120
37,Male,10,Unknown,201280
56,Male,5,Private,197287
21,Female,9,Private,387164
29,Female,9,Private,103880
45,Male,11,Private,165906
44,Male,10,Local-gov,295600
54,Male,14,Private,66252
24,Male,10,Private,93020
40,Male,13,Private,121390
43,Male,13,State-gov,642630
20,Male,10,Unknown,154990
41,Female,7,Self-emp-not-inc,112128
32,Female,11,Private,228063
31,Female,13,Private,177157
26,Male,9,Private,136980
50,Male,13,State-gov,267630
62,Male,11,Self-emp-inc,150096
24,Male,9,Private,179509
58,Male,13,Private,625096
44,Male,10,Self-emp-inc,119103
44,Male,8,Private,127471
37,Male,10,Self-emp-inc,102080
65,Male,4,Self-emp-not-inc,381970
33,Male,9,Private,84976
34,Female,9,Unknown,410000
56,Male,14,Self-emp-not-inc,19581
35,Male,14,Private,161279
33,Male,13,Private,122469
35,Male,13,Private,113292
47,Female,10,Self-emp-not-inc,76052
35,Male,5,Self-emp-not-inc,61470
56,Female,10,Private,1280422
29,Male,14,Self-emp-inc,49700
53,Male,15,Self-emp-inc,111338
42,Female,11,Private,103064
20,Female,10,Unknown,134358
24,Male,13,Private,37902
33,Male,9,Private,44184
42,Male,6,Private,48255
38,Male,10,State-gov,64455
32,Male,9,Private,51074
20,Male,4,Self-emp-not-inc,40649
32,Male,9,Private,96956
28,Male,10,Local-gov,76460
51,Male,9,Private,42806
41,Male,9,Local-gov,148742
37,Female,12,Local-gov,146786
23,Female,9,Private,183827
40,Male,9,Private,580160
47,Male,6,Private,270835
46,Male,9,Self-emp-not-inc,149640
24,Male,13,Private,255060
40,Female,9,Private,143552
30,Male,9,Self-emp-not-inc,269001
41,Female,15,State-gov,447170
37,Female,13,State-gov,117837
49,Male,9,Federal-gov,121962
41,Female,13,Federal-gov,542660
52,Male,11,Local-gov,285520
23,Male,10,Private,58329
34,Female,9,Private,242172
25,Female,13,State-gov,455683
44,Male,9,Self-emp-inc,55080
31,Male,9,Local-gov,119115
53,Female,13,Private,80704
62,Male,9,Private,128718
35,Male,13,Private,169182
30,Male,13,Federal-gov,116316
48,Female,9,State-gov,164939
36,Female,13,Private,125877
32,Male,7,Private,35384
22,Female,10,Private,493311
17,Male,7,Unknown,187533
19,Female,9,Private,140501
26,Female,9,Private,457006
20,Male,10,Unknown,303063
56,Male,10,State-gov,114198
45,Female,4,Private,188066
23,Female,10,Private,132104
31,Male,9,Private,95469
30,Female,7,Private,174591
42,Male,9,Private,72510
27,Male,15,State-gov,128763
37,Male,13,Private,193723
31,Male,9,Private,95261
33,Female,13,Private,78840
64,Male,1,Private,269913
32,Female,9,Private,44415
62,Male,9,Unknown,159040
37,Male,10,Private,132632
25,Male,7,Private,149776
49,Male,9,Private,177908
36,Male,13,Private,140474
67,Male,10,Private,194956
54,Male,9,Private,142113
45,Female,16,Local-gov,30292
30,Male,10,Private,433096
39,Female,9,State-gov,23209
57,Female,6,Private,257832
57,Male,6,Private,321310
23,Male,9,Self-emp-not-inc,69835
49,Male,9,Local-gov,71533
46,Male,13,State-gov,128523
41,Female,13,State-gov,32145
44,Male,11,Private,76779
25,Female,13,Private,112140
34,Male,13,Local-gov,78132
24,Male,13,Private,119880
32,Female,13,Private,234880
27,Male,9,Local-gov,71260
67,Male,8,Private,700542
36,Male,9,Private,122779
40,Male,10,Private,206545
24,Male,9,Private,2572904
46,Male,13,Private,183299
44,Female,9,State-gov,709057
23,Male,10,Self-emp-not-inc,157518
46,Male,15,Private,97670
31,Male,11,Private,348130
21,Male,10,Local-gov,111856
61,Male,9,Private,115752
71,Male,9,Self-emp-not-inc,115635
42,Male,13,Private,70276
27,Male,10,Unknown,84044
21,Female,10,State-gov,117453
21,Male,1,Private,296776
28,Female,13,Local-gov,102895
27,Female,12,Local-gov,145026
32,Female,10,Private,164417
47,Male,9,Private,32456
22,Male,12,Private,142039
56,Male,9,Private,177079
20,Female,9,Private,27032
30,Female,10,Private,66723
22,Female,10,Private,212613
28,Male,11,Private,143433
50,Male,14,Private,178755
66,Female,9,State-gov,170549
38,Male,10,Private,106187
62,Male,8,Private,305760
36,Female,14,Federal-gov,144754
47,Male,6,Private,182180
25,Male,9,Private,551113
26,Male,10,Private,470266
37,Male,7,Private,118926
70,Male,4,Self-emp-not-inc,170326
52,Male,7,Private,127481
70,Male,5,Private,126558
19,Male,9,State-gov,89364
23,Male,7,Private,92381
37,Female,13,Private,50194
37,Female,7,Private,137490
45,Female,10,State-gov,60212
29,Male,13,Private,35790
56,Male,13,Self-emp-not-inc,23973
50,Male,14,Private,619553
20,Male,9,Private,81129
26,Male,13,Private,259540
41,Male,15,Self-emp-inc,77132
21,Male,9,Private,76256
48,Male,3,Self-emp-not-inc,138866
22,Male,10,Private,110203
37,Male,12,State-gov,32587
47,Male,10,Private,40922
61,Male,13,Private,101605
47,Male,14,Local-gov,96801
37,Male,9,Private,156331
46,Female,11,State-gov,172023
42,Male,9,Self-emp-not-inc,233160
41,Female,9,Private,89809
33,Male,5,Local-gov,212164
24,Male,13,Private,117807
27,Male,12,Private,216999
40,Male,13,Federal-gov,139936
56,Male,6,Private,81006
35,Male,16,Federal-gov,48397
24,Male,11,Private,88740
73,Female,10,Self-emp-not-inc,75012
36,Male,10,Private,47686
31,Male,13,Private,235347
50,Male,9,Unknown,146450
36,Male,9,Private,277002
37,Male,9,Private,634643
26,Female,13,Private,781605
20,Male,9,Private,142184
58,Male,13,Private,53537
45,Male,13,State-gov,87082
33,Male,13,Unknown,222985
31,Female,13,Private,91722
44,Male,15,Private,124504
19,Female,10,Local-gov,373733
54,Male,9,Private,126550
31,Male,14,State-gov,130352
27,Male,9,Private,508366
36,Male,10,Private,69189
47,Male,10,Federal-gov,117166
35,Male,13,Private,92564
42,Male,2,Private,83936
45,Female,13,Private,60609
70,Male,9,Private,49855
27,Female,8,Local-gov,112662
36,Male,9,Private,153619
23,Male,9,Private,63195
25,Male,13,Private,98855
45,Male,10,Self-emp-not-inc,133500
24,Male,9,Private,89682
90,Male,12,Private,203542
50,Male,9,Private,158596
37,Male,9,Private,124648
31,Female,10,Private,77141
17,Male,7,Private,76683
26,Male,10,Private,120766
41,Male,16,Private,55488
50,Male,9,Self-emp-inc,403672
45,Male,9,Self-emp-not-inc,92919
54,Male,10,Self-emp-not-inc,113587
54,Male,9,Private,350394
38,Male,9,Private,124236
22,Female,9,Private,103409
43,Male,9,Private,60429
19,Female,9,Unknown,58073
30,Male,13,Private,165293
31,Female,5,Unknown,88795
42,Male,9,Private,56785
48,Male,10,Private,120109
56,Male,10,Private,250708
21,Male,10,Local-gov,64268
45,Male,13,Private,70109
37,Male,15,Private,117308
38,Male,13,Local-gov,132435
34,Male,10,Private,39430
29,Male,9,Private,56847
24,Male,9,Private,138640
79,Female,14,Unknown,86347
35,Male,12,Private,73210
39,Male,6,Self-emp-not-inc,63205
73,Male,4,Self-emp-not-inc,67172
57,Female,11,Private,125030
35,Male,13,Self-emp-inc,73333
60,Male,9,Private,77379
19,Female,10,Unknown,345612
54,Male,9,Private,87704
53,Male,13,Self-emp-not-inc,44135
23,Female,10,Private,60399
57,Male,10,Self-emp-not-inc,173128
27,Female,6,Self-emp-not-inc,92171
25,Male,9,Private,87817
38,Male,9,Private,82639
48,Male,10,Private,656099
24,Female,9,Private,126269
67,Male,10,Self-emp-inc,111535
20,Male,9,Private,191681
38,Male,16,Private,388172
54,Male,4,Private,80955
20,Male,10,Self-emp-not-inc,125482
57,Male,6,Private,1114504
34,Male,13,Federal-gov,425927
34,Male,9,Private,92555
80,Female,9,Private,1026150
40,Female,9,Private,409990
19,Male,7,Local-gov,402466
35,Male,10,Private,518318
21,Female,9,Private,73245
59,Male,7,Local-gov,239675
53,Male,10,Private,294250
41,Female,11,Self-emp-not-inc,217102
59,Male,9,Private,87229
21,Female,10,Unknown,138895
52,Male,2,Private,110604
48,Male,3,Private,56557
24,Male,8,Private,164218
49,Male,15,Private,99178
19,Male,9,Private,149967
50,Female,9,Private,42691
39,Male,12,Private,111945
25,Female,9,Private,83216
66,Female,4,Private,148414
30,Male,10,Private,116292
49,Male,14,Private,94735
40,Male,10,Self-emp-not-inc,381169
38,Male,6,Private,222868
25,Male,7,Private,98302
51,Male,9,State-gov,143419
23,Female,13,Local-gov,88286
60,Male,5,Self-emp-not-inc,109223
44,Male,9,Private,206700
53,Male,15,Self-emp-not-inc,56481
66,Male,13,Self-emp-not-inc,138570
18,Female,9,Unknown,184244
44,Male,11,Local-gov,110090
38,Male,9,Private,840250
30,Male,13,Private,119264
36,Male,9,Private,110475
38,Male,10,Local-gov,198952
31,Female,13,Federal-gov,60909
26,Female,7,Private,42895
23,Male,10,Private,57045
58,Female,13,State-gov,95775
44,Male,13,Self-emp-not-inc,114340
59,Male,15,Self-emp-inc,94514
36,Male,10,Local-gov,81167
42,Female,10,Private,131870
17,Female,7,Private,120629
59,Female,6,Local-gov,124565
22,Male,10,Private,611276
40,Male,13,Private,574750
36,Male,13,Private,166743
19,Female,9,Unknown,134112
49,Female,9,Private,101937
18,Male,10,Unknown,82500
38,Male,9,Self-emp-not-inc,92889
48,Male,9,Private,675258
53,Male,9,Unknown,159658
33,Male,12,Private,105320
34,Female,11,Self-emp-not-inc,748309
41,Male,14,Federal-gov,77994
20,Female,12,Unknown,78623
58,Male,9,Local-gov,286218
52,Male,6,Private,132925
45,Male,10,Local-gov,904374
37,Male,4,Private,94245
48,Male,9,Private,99834
40,Male,13,Federal-gov,129307
29,Male,13,Private,267645
33,Male,11,Private,312586
51,Male,9,Unknown,96583
48,Male,9,Private,164886
36,Female,13,Self-emp-not-inc,558530
31,Female,10,Private,78925
41,Male,10,Self-emp-not-inc,125206
29,Male,13,Federal-gov,115035
20,Male,10,Private,203601
53,Male,13,Federal-gov,73019
37,Female,9,Private,262640
28,Female,13,Private,91505
27,Female,13,Private,77822
57,Male,1,Unknown,132748
23,Female,10,Private,291140
25,Male,11,Private,189765
63,Male,10,Private,137996
65,Male,10,Self-emp-not-inc,140238
77,Female,9,Private,112652
32,Male,9,Private,88557
40,Male,9,Private,142078
67,Female,9,Private,104175
35,Female,9,Private,89685
24,Female,14,Local-gov,247561
53,Male,16,State-gov,94965
37,Male,14,Self-emp-inc,106750
44,Female,10,State-gov,136237
25,Female,7,Unknown,74732
17,Female,7,Private,146018
47,Male,11,Private,86052
62,Male,6,Federal-gov,133970
39,Male,12,Private,109232
18,Male,7,Unknown,303993
32,Female,10,State-gov,162456
25,Female,13,Private,519298
30,Male,9,Private,370425
47,Male,14,Private,406927
40,Male,6,Private,108530
38,Male,9,Private,201006
41,Male,14,State-gov,103915
21,Male,10,Private,95042
32,Male,12,State-gov,116078
54,Male,4,Private,105900
31,Male,1,Private,150883
42,Male,11,Private,131448
23,Male,6,Private,464773
18,Female,9,Private,118258
65,Female,4,Unknown,175665
37,Male,10,Private,197202
53,Female,12,State-gov,185265
50,Male,9,Private,244918
64,Female,9,Private,78152
55,Male,14,Private,203282
63,Male,13,Private,168965
53,Female,10,Private,101840
18,Male,7,Private,177969
33,Male,7,Private,67120
62,Female,7,Private,120711
56,Male,14,Private,95800
58,Male,14,State-gov,87752
33,Female,6,Private,419748
58,Male,9,Private,68420
44,Male,13,Private,117780
81,Female,4,Private,173355
28,Male,9,Private,143052
28,Male,9,Private,118913
43,Male,13,Private,139615
51,Female,9,Private,141309
23,Male,10,Private,122910
48,Female,9,Self-emp-not-inc,159090
45,Male,13,Self-emp-inc,176650
48,Male,6,Private,100977
37,Female,9,State-gov,84460
34,Male,14,Private,89929
63,Male,10,Self-emp-not-inc,156607
38,Male,4,Private,161886
29,Male,9,Private,143785
33,Male,5,Private,1366996
47,Female,3,Private,82945
30,Male,5,Private,31345
35,Male,10,Private,204867
54,Male,13,Self-emp-inc,250350
26,Male,14,Private,92667
39,Male,9,Private,303040
34,Female,9,State-gov,38018
55,Male,13,Private,76420
33,Male,11,Self-emp-not-inc,28275
17,Male,4,Private,123515
27,Female,6,Private,159694
53,Male,5,Private,112600
43,Female,10,Private,136145
22,Male,9,Private,423942
52,Female,13,Private,94135
60,Male,4,Private,168750
55,Male,13,Self-emp-not-inc,684496
39,Male,9,Private,146930
29,Male,13,Private,72375
41,Male,9,Self-emp-not-inc,67160
61,Female,9,Private,135323
71,Male,6,Federal-gov,107610
20,Male,10,Private,73965
33,Female,13,Private,75000
52,Male,9,Private,124605
40,Male,10,Private,135057
26,Male,9,Unknown,205757
31,Male,15,Local-gov,170343
42,Male,13,Private,82103
63,Male,9,Private,155607
53,Male,7,Private,166931
34,Male,6,State-gov,52955
48,Male,10,Private,122320
67,Male,13,Unknown,143445
49,Female,9,Private,299334
28,Female,13,Local-gov,116280
51,Male,10,Unknown,110025
44,Male,15,Private,103556
27,Male,9,Private,152897
49,Female,3,Private,57653
34,Female,4,Private,119210
27,Male,13,Self-emp-not-inc,111778
38,Male,10,Self-emp-not-inc,131798
24,Male,13,Private,82606
29,Male,10,Private,68553
39,Female,9,Private,54656
50,Male,14,Private,345678
42,Male,9,Private,49112
63,Female,9,Unknown,210184
44,Female,14,State-gov,56811
58,Male,9,Private,133214
25,Female,10,Private,105089
23,Female,10,Private,82254
20,Male,10,Private,85776
46,Male,10,Self-emp-not-inc,91722
21,Female,9,Private,63747
63,Female,6,Private,92118
38,Male,12,Private,25481
27,Male,10,Private,73766
41,Female,14,Private,299260
43,Male,13,Private,96002
39,Male,13,State-gov,354028
48,Male,3,Unknown,91520
56,Male,15,Self-emp-inc,170400
44,Male,16,State-gov,200320
24,Male,10,Private,184788
49,Female,12,Private,279987
38,Male,11,Private,310485
36,Male,9,Self-emp-not-inc,117090
27,Male,16,State-gov,164296
50,Female,9,Private,163070
46,Female,10,Private,187019
41,Female,13,Local-gov,263066
45,Female,7,Unknown,125275
46,Male,8,Private,629725
65,Male,9,Unknown,161760
44,Male,15,Private,191954
35,Male,10,Private,198267
44,Female,12,Self-emp-not-inc,120716
51,Male,9,Private,46515
74,Female,4,Local-gov,58651
32,Female,9,Private,68730
22,Female,10,Private,93812
58,Female,6,Unknown,167034
47,Female,9,Private,83590
32,Male,8,Private,140382
64,Female,10,Federal-gov,189172
44,Female,14,Private,78338
59,Male,13,Private,275500
34,Female,9,Private,1175115
54,Male,13,Private,192328
33,Female,10,Private,118380
44,Female,2,Private,387909
31,Male,10,Private,158656
30,Male,9,State-gov,181017
18,Male,7,Private,139414
56,Male,15,Self-emp-not-inc,45105
24,Female,9,Private,24110
23,Male,10,Private,311591
51,Male,7,Private,79168
24,Male,13,Private,223805
39,Male,9,Federal-gov,106030
49,Male,9,Self-emp-not-inc,100236
22,Male,9,Unknown,123621
42,Male,14,State-gov,59558
51,Male,14,Local-gov,133567
20,Female,10,Private,120310
49,Female,6,Private,169312
31,Male,15,Private,81361
41,Male,10,Private,80090
35,Male,9,Private,132130
20,Male,10,Unknown,49125
35,Male,11,Private,49647
46,Female,14,Private,127712
35,Female,9,Private,98452
21,Male,10,Private,96330
45,Male,8,Private,124485
37,Male,12,Local-gov,87027
45,Female,12,Self-emp-inc,91370
18,Male,6,Private,94456
53,Male,10,Self-emp-not-inc,145670
24,Female,13,Local-gov,46738
35,Male,9,Private,230857
28,Male,9,Private,207753
50,Male,9,Private,33023
38,Female,9,Private,64250
34,Male,9,Local-gov,660987
53,Male,10,Private,1724760
46,Male,12,Private,189714
50,Male,10,Private,1691580
45,Female,10,Private,349681
29,Male,11,Private,453465
41,Male,13,Private,196060
43,Male,13,Self-emp-not-inc,129097
29,Male,10,Private,82883
53,Male,10,Private,170819
24,Female,9,Private,78114
35,Male,9,Private,41479
25,Male,10,Private,289267
43,Male,11,Local-gov,157400
38,Male,6,Private,352189
64,Female,4,Private,198685
37,Male,13,Private,440365
48,Male,9,Private,102255
27,Male,9,Self-emp-not-inc,11639365
45,Male,13,Private,290077
41,Female,14,Private,189136
33,Female,13,Unknown,509426
42,Female,5,Private,167931
29,Female,13,Private,122314
29,Male,9,Private,88337
71,Male,13,Self-emp-inc,321263
29,Female,6,Federal-gov,408882
23,Male,13,State-gov,174066
28,Male,13,Private,405007
55,Male,13,Private,66951
47,Female,13,State-gov,85016
21,Female,10,Unknown,149484
33,Female,9,Private,143133
35,Male,8,Local-gov,131817
42,Female,13,Self-emp-inc,145097
33,Male,9,Private,215553
30,Male,14,Private,122351
37,Male,10,Private,167409
19,Male,9,Unknown,44580
21,Male,10,Unknown,63926
46,Male,10,Self-emp-not-inc,118542
42,Male,9,Private,92213
28,Male,14,Private,110079
36,Male,9,Private,164079
39,Female,9,Private,128245
27,Male,9,Private,207535
57,Female,9,Private,132657
50,Female,9,Private,115465
63,Male,10,Private,73238
44,Male,10,Private,314017
38,Male,6,Private,426393
30,Male,10,Self-emp-not-inc,41589
20,Female,10,Private,77988
44,Male,15,Self-emp-not-inc,132689
24,Male,9,Private,140793
26,Male,10,Private,224229
42,Male,10,Self-emp-not-inc,765689
54,Male,9,Private,163119
45,Female,10,State-gov,132982
37,Male,2,Private,46188
30,Male,13,Federal-gov,115662
36,Male,10,Private,81005
19,Female,5,Private,136983
22,Female,12,Private,131190
65,Female,9,Federal-gov,88399
52,Male,6,Unknown,121519
36,Male,9,Self-emp-not-inc,60254
22,Female,9,Private,83233
28,Male,11,Private,96660
30,Male,13,State-gov,261070
47,Male,10,Private,281540
29,Female,10,Private,102395
36,Male,9,Private,144103
30,Female,13,Private,86061
52,Female,14,Private,231469
62,Female,9,Private,87979
42,Male,14,Private,155503
33,Male,9,Private,69835
17,Female,7,Private,250725
54,Female,9,Private,281469
41,Male,9,Private,139176
45,Female,14,State-gov,89860
37,Female,10,State-gov,100988
21,Female,9,Private,105112
29,Female,13,Private,154778
18,Male,9,State-gov,161115
18,Female,7,Unknown,121960
62,Male,9,Private,111100
19,Female,10,Private,270619
62,Female,4,Private,222828
58,Female,13,Local-gov,197383
34,Male,10,Private,277058
62,Male,7,Private,262269
23,Male,10,Private,91537
37,Male,13,Private,135741
42,Male,12,Private,1728465
21,Male,7,Private,535140
41,Female,13,Private,555190
27,Male,7,Private,314207
37,Male,13,Private,234401
40,Male,9,Private,157142
62,Male,4,Local-gov,285210
29,Female,10,Private,485949
33,Male,14,Private,149625
53,Female,9,Private,97951
64,Female,11,Private,121114
60,Male,10,Private,185018
47,Male,7,Private,103433
45,Male,14,State-gov,129305
33,Male,11,Private,84474
29,Male,13,Private,79475
57,Male,4,Private,85406
19,Male,9,Private,68186
26,Male,13,Private,103554
63,Male,3,Self-emp-inc,67590
42,Female,12,Private,117835
38,Male,13,Self-emp-not-inc,133339
34,Male,6,Private,61325
20,Male,10,Unknown,115235
35,Male,4,Private,105011
38,Female,13,Private,85142
52,Male,10,State-gov,134793
32,Male,10,Private,99245
67,Male,16,Private,126738
26,Female,14,Private,156175
58,Male,14,Private,124270
48,Male,11,Private,464649
25,Male,13,Private,111570
25,Male,13,Private,104965
25,Male,10,Private,150735
18,Male,9,Private,164801
36,Male,9,Private,136485
45,Male,7,Self-emp-not-inc,51135
34,Male,9,Private,106149
68,Male,13,Self-emp-inc,112620
37,Male,10,Private,129182
21,Male,10,Private,136167
49,Male,10,Private,217170
39,Female,14,Local-gov,49522
41,Female,16,Private,97434
35,Male,14,Private,141374
29,Male,10,Local-gov,125416
29,Female,5,Unknown,104856
54,Male,13,Local-gov,240532
32,Male,13,Self-emp-not-inc,88541
18,Male,7,Private,144933
30,Male,10,Private,219725
66,Male,6,Unknown,289209
23,Female,9,Local-gov,143873
36,Male,9,Private,675150
34,Male,10,Private,868494
39,Male,11,Self-emp-not-inc,46085
26,Male,6,Local-gov,222240
78,Male,10,Private,226865
28,Female,10,Private,142100
51,Female,10,Private,85120
33,Male,10,Local-gov,166435
44,Female,7,Unknown,200964
34,Male,13,Private,154202
33,Male,15,Self-emp-not-inc,101694
28,Male,14,Private,106470
55,Male,5,Private,126625
30,Male,11,Private,38705
45,Male,9,Private,84385
46,Male,11,Private,504867
17,Female,7,Private,322879
40,Male,7,Private,207719
44,Female,14,Local-gov,139081
56,Male,9,Private,342609
69,Male,12,Self-emp-inc,185280
41,Male,2,Private,565672
47,Male,7,Local-gov,258627
33,Male,7,Private,114663
25,Male,13,State-gov,164084
42,Female,4,Private,135722
65,Male,13,Unknown,141884
24,Female,11,Private,81872
48,Female,13,Federal-gov,146783
82,Female,4,Self-emp-inc,429800
36,Male,9,Private,172899
34,Female,15,Private,164182
28,Male,9,Private,189727
65,Male,10,Private,129234
66,Male,10,Self-emp-not-inc,180377
40,Male,10,Private,57233
66,Male,10,Private,199637
37,Male,3,Private,161632
34,Male,13,Private,48222
41,Female,14,Self-emp-not-inc,64085
43,Female,14,Private,103720
20,Male,9,Private,472470
59,Female,14,Private,94969
48,Male,9,Private,247660
45,Male,11,State-gov,408653
28,Male,9,Private,44817
43,Female,13,Private,50965
18,Female,10,Private,380846
34,Male,9,Unknown,342002
55,Male,16,Self-emp-inc,186116
21,Male,9,Local-gov,143730
47,Male,13,Private,164337
45,Female,12,Private,119965
61,Female,9,Private,120538
23,Male,6,Private,114822
44,Female,14,State-gov,360960
45,Female,9,Private,99940
35,Female,13,State-gov,146466
17,Female,6,Unknown,120917
49,Male,13,Private,108502
40,Male,13,Private,71396
28,Male,14,Self-emp-not-inc,279350
33,Female,10,Self-emp-inc,106898
31,Male,11,State-gov,47686
38,Male,12,Local-gov,82793
62,Female,6,Private,52797
40,Male,9,Private,116614
61,Female,9,Private,79259
42,Female,14,Federal-gov,172861
19,Male,10,Unknown,43148
32,Male,13,Local-gov,114129
52,Male,9,Private,112786
34,Male,9,Private,103667
37,Female,12,Private,191385
30,Male,13,Private,99492
27,Male,11,Private,60546
25,Female,9,Private,160510
32,Male,10,Private,75805
47,Female,13,Self-emp-inc,96612
43,Male,10,Private,101626
50,Male,14,Local-gov,268709
42,Female,12,Federal-gov,32506
31,Male,7,Private,44084
43,Male,9,Private,365206
37,Female,9,Private,364693
58,Male,13,Private,89102
32,Female,10,Private,222823
35,Female,14,Private,190203
40,Male,10,Self-emp-not-inc,552323
39,Male,9,Self-emp-not-inc,190778
51,Male,14,Private,378009
42,Male,9,Private,218643
27,Female,10,Private,372816
69,Female,9,Private,140054
74,Female,11,Private,129040
36,Male,12,Private,186513
23,Female,10,Unknown,68046
48,Male,3,Local-gov,560099
38,Male,10,Private,90826
68,Male,5,Private,160600
40,Female,15,State-gov,149837
23,Male,5,Private,898533
48,Male,9,Private,204474
47,Male,14,Local-gov,164193
55,Male,9,Private,146403
22,Female,10,State-gov,121540
49,Male,9,Private,160490
51,Female,9,Private,92939
42,Male,13,Self-emp-inc,176368
31,Male,13,Private,137568
67,Male,9,Local-gov,174926
27,Male,13,Unknown,208303
59,Male,14,Self-emp-not-inc,460199
66,Female,9,Private,189391
28,Male,11,Private,499684
33,Male,10,Self-emp-not-inc,113775
44,Male,13,Local-gov,86971
39,Male,14,Private,54082
39,Male,13,Local-gov,213946
46,Female,9,Private,443168
19,Male,1,Private,116219
44,Male,10,Self-emp-not-inc,193055
24,Male,9,Private,163960
48,Female,9,Private,142538
27,Male,9,Private,187504
44,Male,10,Private,232900
30,Female,9,Private,465311
32,Male,13,Federal-gov,198887
49,Male,14,Private,226378
37,Male,1,Self-emp-not-inc,165233
24,Female,13,Private,102007
19,Female,10,Private,109636
20,Female,10,Private,124165
25,Male,12,Private,98803
29,Male,10,Private,214820
43,Male,10,Private,148353
35,Male,12,Local-gov,675630
47,Male,10,Local-gov,360064
53,Male,9,Private,149524
27,Male,9,Private,1431100
32,Female,9,Private,396301
36,Male,9,Private,222781
55,Male,4,Self-emp-not-inc,168937
41,Male,6,Private,413710
49,Male,16,Self-emp-not-inc,275556
36,Male,9,Private,650714
62,Male,13,Private,182822
44,Male,9,Private,299740
69,Male,13,Self-emp-not-inc,188025
22,Female,10,Private,200312
36,Male,9,Private,688365
58,Male,9,Private,139948
32,Male,9,Private,91822
19,Male,10,Unknown,138785
27,Female,10,Private,458800
19,Male,10,Unknown,164460
35,Male,9,Private,213228
58,Male,13,Private,111310
18,Female,10,Private,66086
48,Female,11,Self-emp-not-inc,113852
22,Male,6,Private,146865
39,Male,9,Private,140905
47,Male,13,Self-emp-not-inc,80540
23,Male,3,Private,131200
40,Female,11,Private,149445
35,Female,11,Private,145118
20,Male,10,Unknown,207921
41,Male,10,Private,212932
27,Female,9,Private,315332
58,Male,14,Private,290474
38,Female,10,Private,201870
40,Female,13,State-gov,260401
29,Female,9,Private,180830
28,Female,11,State-gov,65470
35,Male,10,Private,459589
18,Female,8,Private,142964
29,Female,13,Private,116022
25,Male,10,Private,89962
65,Female,9,Private,67177
19,Female,7,Private,86380
37,Female,5,Private,114383
22,Female,9,Private,30721
70,Male,13,Private,125518
21,Female,10,Local-gov,138663
21,Male,10,Private,430348
23,Female,10,Private,177667
46,Male,9,Private,137049
33,Male,16,State-gov,741308
36,Male,13,Private,1182966
42,Male,13,Self-emp-inc,329060
52,Male,11,Private,162859
55,Female,9,Unknown,453906
60,Male,10,Local-gov,138740
57,Female,4,Local-gov,318512
35,Male,13,Private,101337
24,Female,9,Private,326650
37,Male,13,Private,176935
45,Male,9,Local-gov,35688
48,Male,14,Federal-gov,808197
22,Male,7,Private,94238
45,Male,9,Private,411536
32,Male,9,Private,330750
35,Male,13,Private,62047
22,Female,13,Private,146180
34,Female,5,Private,189553
25,Male,9,Private,124171
39,Female,10,Private,24017
44,Male,9,Federal-gov,208512
33,Female,2,Private,132542
48,Male,7,Private,189660
58,Male,9,Private,142869
36,Female,10,Private,116360
53,Female,9,Self-emp-not-inc,105349
25,Male,10,Self-emp-not-inc,180186
21,Female,13,Private,186634
36,Female,3,Private,157272
51,Female,9,State-gov,273722
26,Female,13,Local-gov,181038
41,Female,11,Private,124578
23,Male,13,Local-gov,76832
20,Female,10,Private,128716
58,Male,13,Private,161792
21,Male,9,Private,671245
32,Male,13,Private,211481
54,Male,16,Unknown,289732
62,Female,9,Private,157046
29,Female,10,Unknown,355985
43,Male,11,Private,396065
20,Male,10,Private,345420
23,Female,10,Private,271656
26,Female,13,Private,422201
33,Male,15,Private,335708
30,Male,10,Private,272495
63,Male,4,Private,177412
45,Female,9,Private,253612
39,Female,10,Private,62208
26,Male,9,Private,906416
28,Male,10,Unknown,485060
20,Male,10,Unknown,180232
39,Male,13,Private,242254
34,Male,13,Private,183866
33,Male,9,Private,258840
26,Male,10,Private,1208286
20,Female,10,Unknown,338429
40,Male,10,Private,256873
49,Male,9,Private,231580
64,Male,9,Private,80726
65,Female,13,Private,418648
19,Male,7,Private,459048
47,Female,10,Private,369460
24,Male,10,Private,53924
55,Male,10,Self-emp-inc,172361
61,Male,9,Self-emp-not-inc,191457
47,Male,13,Local-gov,524594
64,Male,9,Private,331150
37,Male,9,Private,326221
21,Female,9,Unknown,857056
40,Female,7,Unknown,129180
25,Male,9,Private,624955
41,Male,10,Self-emp-not-inc,803787
40,Male,13,State-gov,306806
21,Female,11,Private,221398
54,Male,10,State-gov,242433
47,Male,9,Private,163062
21,Female,10,Private,137695
32,Male,10,Local-gov,71379
32,Female,10,Private,169971
26,Female,13,State-gov,183857
23,Male,10,Private,177337
27,Male,5,Private,177820
29,Female,10,Local-gov,361743
43,Male,10,Private,166147
23,Female,10,Unknown,139200
39,Male,12,Private,406340
22,Male,12,Private,716910
47,Female,9,Private,663068
34,Male,9,Local-gov,195513
35,Female,10,Private,96750
20,Male,10,Private,118721
36,Female,9,Federal-gov,949565
52,Male,9,Private,562600
38,Male,9,Self-emp-inc,268134
33,Male,9,Private,94958
18,Male,9,Private,128471
38,Female,12,Private,250660
56,Male,10,Self-emp-not-inc,530603
30,Male,10,Private,105662
35,Male,10,State-gov,127543
60,Male,9,Self-emp-not-inc,111295
20,Male,3,Private,76189
18,Female,8,Private,166519
19,Female,10,Private,210066
53,Male,9,Federal-gov,145049
18,Female,10,Private,691700
44,Male,5,Private,102232
57,Female,3,Private,820441
36,Female,10,Unknown,340015
40,Male,13,Self-emp-not-inc,471257
33,Male,13,Private,138939
19,Male,3,Private,124262
40,Male,10,State-gov,217830
20,Female,10,Self-emp-not-inc,154730
47,Male,13,Private,82639
41,Male,9,Private,281756
47,Male,10,Federal-gov,567590
23,Male,10,Private,121937
49,Male,10,State-gov,211810
37,Male,13,Self-emp-not-inc,114035
67,Male,9,Private,341740
24,Male,9,Private,522943
39,Male,9,Private,179250
29,Male,9,Private,617540
22,Female,7,Unknown,212554
26,Male,9,Private,192280
33,Female,10,Self-emp-not-inc,251846
23,Male,9,Private,178853
37,Female,10,State-gov,374464
30,Male,14,Private,111342
41,Female,9,Private,358665
23,Female,13,Private,219080
47,Male,12,Federal-gov,256879
24,Female,9,Private,256535
39,Male,9,Private,79562
33,Male,9,Private,61082
25,Female,9,Private,328247
40,Female,9,Private,121801
67,Male,5,Private,1935306
55,Female,9,Private,111012
69,Female,11,Private,482281
34,Male,9,Private,188382
52,Male,15,Private,160771
22,Female,10,Unknown,140312
47,Male,13,Private,175781
45,Female,11,Private,1046834
23,Female,13,Private,331815
41,Male,13,Self-emp-not-inc,159498
32,Male,13,Private,151631
57,Male,14,Local-gov,148265
34,Male,13,Private,582070
44,Male,11,State-gov,150556
46,Male,9,Self-emp-not-inc,75860
60,Female,14,Private,90935
46,Female,14,Local-gov,155058
32,Female,14,Self-emp-inc,163352
44,Male,14,Local-gov,50338
43,Male,9,Private,112508
48,Female,7,Federal-gov,247148
55,Male,13,Private,160074
24,Male,13,Private,142628
65,Female,10,Private,143319
51,Male,7,Self-emp-inc,128916
42,Male,13,State-gov,114620
36,Male,10,Private,133684
19,Male,6,Private,130266
24,Male,4,Self-emp-not-inc,115437
52,Male,9,Private,121570
28,Female,5,Private,282507
42,Male,13,Private,260502
25,Male,9,Private,529276
53,Male,12,Private,262330
35,Male,9,Private,91958
20,Male,9,Private,104703
38,Male,13,Private,112035
46,Male,13,Private,89855
18,Male,7,Unknown,41723
58,Male,9,Private,134937
41,Female,10,Private,96043
66,Male,9,Self-emp-not-inc,132926
38,Female,10,State-gov,146090
29,Female,10,Private,140073
39,Male,10,Private,42292
44,Male,9,Local-gov,130736
26,Male,9,Local-gov,96594
27,Male,13,Private,114893
29,Female,16,Private,81861
29,Male,9,Private,55620
47,Male,10,Self-emp-inc,138678
62,Male,13,Unknown,62058
29,Female,13,Local-gov,86194
52,Male,9,Local-gov,176350
27,Male,7,Private,69890
53,Female,10,Unknown,96290
29,Male,12,Private,52446
62,Male,9,Private,73651
72,Female,9,Private,84802
27,Male,9,Private,47386
38,Male,10,Private,35774
27,Male,9,Private,73830
49,Male,14,Private,91356
56,Male,13,Private,117760
52,Male,15,Self-emp-inc,100796
22,Female,9,Private,89140
37,Male,13,Federal-gov,164648
55,Male,9,Private,140705
38,Male,10,State-gov,116974
45,Female,10,Private,26190
35,Male,13,Private,57086
21,Male,10,Private,123302
54,Female,13,Federal-gov,111458
19,Female,9,Private,130541
48,Male,14,State-gov,181893
41,Male,9,Private,237047
20,Female,5,Private,239934
56,Female,7,Private,97551
49,Female,9,Private,157857
17,Female,6,Unknown,39009
45,Female,4,Private,83693
46,Male,9,Private,183390
39,Male,9,Private,207142
52,Male,9,Unknown,210634
34,Female,7,Local-gov,109711
65,Female,10,Unknown,146710
46,Male,9,Private,302153
41,Male,9,Private,194954
48,Female,13,Private,294190
71,Male,5,Private,273215
26,Male,13,Federal-gov,349383
47,Female,9,Self-emp-inc,117043
21,Female,10,Unknown,146410
23,Male,9,Private,144410
65,Male,9,Private,117176
60,Female,9,Private,120534
19,Female,9,Unknown,140981
35,Male,9,Private,191865
32,Male,9,Private,119845
36,Male,9,State-gov,361910
41,Female,10,Federal-gov,82955
24,Female,9,Local-gov,118560
45,Female,9,Private,178979
48,Male,12,Private,150798
20,Female,10,Private,63402
51,Male,10,Private,656748
24,Male,9,Unknown,205831
39,Female,12,Local-gov,198933
21,Female,10,Private,72940
49,Female,13,Private,194063
30,Male,9,Private,109485
68,Female,14,State-gov,226162
30,Male,14,Private,97002
32,Male,15,Self-emp-not-inc,136958
49,Male,9,Private,174037
24,Male,10,Private,157830
34,Male,10,Private,227615
40,Female,13,Private,85692
23,Male,9,Unknown,134257
41,Female,12,Private,175357
23,Female,9,Private,125855
48,Female,9,Private,121691
56,Female,9,Self-emp-inc,390061
42,Female,16,State-gov,232193
37,Male,10,Self-emp-not-inc,287661
32,Male,5,Private,280096
29,Male,13,Private,385810
58,Male,9,Private,163807
40,Female,9,Private,54035
40,Male,14,Private,75496
33,Female,7,Private,40696
58,Male,9,Private,98747
32,Male,9,Private,510130
22,Male,10,Unknown,142217
47,Male,10,Private,130159
41,Female,9,State-gov,47445
41,Male,10,Self-emp-inc,142008
73,Female,13,Unknown,104590
56,Female,11,Federal-gov,84076
83,Male,4,Unknown,122813
22,Female,9,Private,246050
30,Male,13,Private,150138
41,Female,12,Unknown,134950
32,Male,13,Private,131316
27,Male,9,Private,171721
35,Female,13,Private,153348
37,Male,9,Private,263713
48,Male,9,Private,221948
42,Female,9,Private,214900
35,Male,13,Private,84623
20,Female,10,Local-gov,118786
33,Male,13,Private,63440
25,Male,10,Private,96747
29,Male,13,State-gov,129941
47,Male,10,Private,162566
28,Female,13,Private,141277
20,Female,10,Private,109641
30,Female,13,Local-gov,107065
48,Female,12,Self-emp-not-inc,646255
22,Male,10,Private,232704
57,Male,6,Federal-gov,111983
24,Male,12,Self-emp-inc,46286
32,Male,4,Private,91187
67,Female,4,Local-gov,155060
22,Male,10,Private,125767
20,Male,9,Private,102636
29,Male,3,Private,92428
37,Male,9,Private,152926
20,Female,10,Unknown,243375
30,Female,13,Private,87613
32,Female,13,State-gov,133503
23,Male,10,Unknown,91174
31,Female,13,Private,136119
39,Male,9,Self-emp-inc,166851
48,Female,9,Private,462344
38,Female,11,Private,354463
25,Female,11,Private,115768
22,Female,9,Private,176945
17,Female,6,Private,147434
44,Male,13,Private,134149
28,Male,13,Private,50988
18,Male,9,Private,219667
37,Male,6,Private,150762
26,Male,9,Private,293325
43,Female,10,Private,651074
23,Male,10,Self-emp-not-inc,172440
43,Male,9,Private,84026
45,Male,9,Private,196823
34,Male,9,Private,258218
42,Male,13,Private,160810
22,Male,10,Private,155279
38,Female,9,Private,321062
35,Male,9,Private,342907
39,Female,9,Private,159055
44,Male,10,Private,403108
45,Male,13,Federal-gov,119152
25,Female,10,Private,139985
54,Female,14,Local-gov,137229
22,Male,10,Unknown,65487
47,Female,3,Private,106689
36,Female,13,Private,211176
48,Male,13,Private,113647
66,Male,9,Self-emp-not-inc,191600
58,Male,3,Private,124316
25,Male,9,Private,149049
30,Female,9,Private,84822
51,Male,10,Self-emp-not-inc,112034
30,Male,13,Private,340050
20,Male,10,Private,95650
57,Male,13,Self-emp-not-inc,148455
23,Female,10,Federal-gov,98974
33,Male,9,Self-emp-not-inc,138735
47,Male,10,Private,177565
54,Female,9,Private,138480
75,Male,6,Private,93981
36,Male,10,Self-emp-inc,356850
51,Female,9,Private,146330
32,Male,9,Private,114724
20,Male,9,Private,201050
20,Female,10,Private,559233
41,Female,13,Self-emp-not-inc,149986
31,Male,14,Private,228286
41,Female,13,Private,107865
56,Female,9,Private,97614
46,Male,6,Private,116220
59,Male,9,Private,98401
31,Male,13,Private,132177
20,Male,9,Private,171669
69,Female,11,Private,72120
35,Male,13,Private,292142
58,Male,9,Private,159524
21,Female,10,Private,85039
60,Male,9,Private,89279
29,Male,9,Private,112182
29,Male,10,Self-emp-not-inc,234106
53,Male,9,Private,253350
43,Female,9,Federal-gov,54685
55,Female,14,Local-gov,158914
29,Male,10,Private,163871
37,Female,13,Private,138290
37,Female,9,Private,198561
41,Female,13,Private,210814
57,Male,9,Private,198845
41,Female,9,Private,810496
18,Female,10,Unknown,101688
57,Female,9,Private,210236
49,Male,13,Federal-gov,221465
61,Male,10,Private,43099
44,Female,9,Private,262888
20,Male,10,Unknown,268382
36,Male,10,Self-emp-not-inc,826522
29,Male,12,Local-gov,325660
51,Female,7,Local-gov,836272
19,Female,9,Private,473678
53,Female,6,Private,200130
43,Male,9,Private,81436
42,Male,9,Private,163998
44,Male,2,Private,372618
37,Male,8,Self-emp-inc,221716
24,Male,13,Self-emp-not-inc,243948
27,Female,10,Unknown,504872
30,Male,9,Private,295085
56,Female,10,Private,427342
58,Female,10,Private,1713042
20,Female,9,Private,156456
36,Male,10,Private,407483
26,Male,13,Private,356476
42,Male,9,Private,199869
24,Male,10,Private,205010
26,Male,9,Private,358500
19,Female,10,Local-gov,157652
21,Female,9,Private,122406
43,Female,16,State-gov,86048
20,Male,10,Private,412020
47,Female,9,Private,64320
62,Male,14,Local-gov,209130
46,Male,10,Self-emp-inc,126737
54,Male,13,Local-gov,467176
43,Male,10,Self-emp-inc,293349
34,Male,9,Private,39163
47,Female,12,Local-gov,291229
58,Male,9,Private,123988
20,Female,9,Private,397965
26,Male,11,Private,340549
51,Male,14,Local-gov,48288
53,Male,15,Private,96973
53,Female,12,State-gov,191728
68,Female,9,Unknown,298820
46,Female,13,Local-gov,112825
32,Male,7,Self-emp-inc,89740
42,Male,13,Private,326519
28,Male,9,Private,108982
67,Male,12,Self-emp-not-inc,139793
23,Male,10,Private,394418
27,Male,6,Private,167638
65,Male,9,Private,464417
22,Male,13,Self-emp-inc,73330
27,Male,10,Private,201507
30,Male,7,Private,199920
44,Female,13,Private,270685
35,Male,13,Private,186547
27,Male,9,Private,454429
36,Male,13,Local-gov,95040
42,Male,10,State-gov,71942
